scheme_code,isin_growth,isin_div,scheme_name,nav,nav_date
119551,INF209KA12Z1,INF209KA13Z9,Aditya Birla Sun Life Banking & PSU Debt Fund  - DIRECT - IDCW,106.4609,2026-07-14
119552,INF209K01YM2,-,Aditya Birla Sun Life Banking & PSU Debt Fund  - DIRECT - MONTHLY IDCW,117.2051,2026-07-14
119553,INF209K01YO8,-,Aditya Birla Sun Life Banking & PSU Debt Fund  - Direct - Quarterly IDCW,104.501,2026-07-14
108272,INF209K01LX6,INF209KA11Z3,Aditya Birla Sun Life Banking & PSU Debt Fund  - REGULAR - IDCW,149.0163,2026-07-14
110282,INF209K01LU2,-,Aditya Birla Sun Life Banking & PSU Debt Fund  - REGULAR - MONTHLY IDCW,112.4917,2026-07-14
108274,INF209K01LN7,-,Aditya Birla Sun Life Banking & PSU Debt Fund  - REGULAR - Quarterly IDCW,102.098,2026-07-14
108273,INF209K01LV0,-,Aditya Birla Sun Life Banking & PSU Debt Fund - Regular Plan-Growth,386.0345,2026-07-14
119550,INF209K01YN0,-,Aditya Birla Sun Life Banking & PSU Debt Fund- Direct Plan-Growth,402.0587,2026-07-14
140286,INF843K01FC8,-,Edelweiss Banking and PSU Debt Fund - Direct Plan - Growth Option,26.8448,2026-07-14
140288,INF843K01FD6,INF843K01FE4,Edelweiss Banking and PSU Debt Fund - Direct Plan - IDCW Option,18.5949,2026-07-14
140291,INF843K01FG9,-,Edelweiss Banking and PSU Debt Fund - Direct Plan Fortnightly - IDCW Option,14.3465,2026-07-14
140293,INF843K01FI5,INF843K01FH7,Edelweiss Banking and PSU Debt Fund - Direct Plan Monthly - IDCW Option,10.9132,2026-07-14
140290,INF843K01FF1,-,Edelweiss Banking and PSU Debt Fund - Direct Plan weekly - IDCW Option,10.5463,2026-07-14
140283,INF843K01FK1,-,Edelweiss Banking and PSU Debt Fund - Regular Plan - Growth Option,25.8268,2026-07-14
140284,INF843K01FL9,INF843K01FM7,Edelweiss Banking and PSU Debt Fund - Regular Plan - IDCW Option,17.6557,2026-07-14
140294,INF843K01FO3,-,Edelweiss Banking and PSU Debt Fund - Regular Plan Fortnightly - IDCW Option,13.8688,2026-07-14
140292,INF843K01FQ8,INF843K01FP0,Edelweiss Banking and PSU Debt Fund - Regular Plan Monthly - IDCW Option,11.1581,2026-07-14
140289,INF843K01FN5,-,Edelweiss Banking and PSU Debt Fund - Regular Plan Weekly - IDCW Option,10.1394,2026-07-14
119533,INF209K01S38,-,Aditya Birla Sun Life Corporate Bond Fund - Growth - Direct Plan,121.3445,2026-07-14
103178,INF209K01785,-,Aditya Birla Sun Life Corporate Bond Fund - Growth - Regular Plan,119.0893,2026-07-14
124832,INF209KA1KT0,-,Aditya Birla Sun Life Corporate Bond Fund -DIRECT - IDCW,10.6199,2026-07-14
119532,INF209K01N90,INF209KA1KU8,Aditya Birla Sun Life Corporate Bond Fund -DIRECT - MONTHLY IDCW,12.8764,2026-07-14
124833,INF209KA1KS2,-,Aditya Birla Sun Life Corporate Bond Fund -REGULAR - IDCW,11.9043,2026-07-14
103183,INF209K01983,INF209K01DL8,Aditya Birla Sun Life Corporate Bond Fund -REGULAR - MONTHLY IDCW,12.654,2026-07-14
134385,INF209KA1K96,INF209KA1L04,Aditya Birla Sun Life Credit Risk Fund - Direct - IDCW,14.5365,2026-07-14
134388,INF209KA1L12,-,Aditya Birla Sun Life Credit Risk Fund - Direct Plan - Bonus,27.7879,2026-07-14
134387,INF209KA1K88,-,Aditya Birla Sun Life Credit Risk Fund - Direct Plan - Growth,27.7891,2026-07-14
134386,INF209KA1K54,INF209KA1K62,Aditya Birla Sun Life Credit Risk Fund - Regular - IDCW,13.1377,2026-07-14
134383,INF209KA1K47,-,Aditya Birla Sun Life Credit Risk Fund - Regular Plan - Growth,25.1372,2026-07-14
119505,INF209K01N82,-,Aditya Birla Sun Life Dynamic Bond Fund - Growth - Direct Plan,52.7206,2026-07-14
102767,INF209K01793,-,Aditya Birla Sun Life Dynamic Bond Fund - Growth - Regular Plan,48.8497,2026-07-14
132918,INF209KA1TX3,-,Aditya Birla Sun Life Dynamic Bond Fund -Direct - IDCW,13.2315,2026-07-14
119503,INF209K01R62,-,Aditya Birla Sun Life Dynamic Bond Fund -DIRECT - MONTHLY IDCW,11.2242,2026-07-14
119502,INF209K01R88,-,Aditya Birla Sun Life Dynamic Bond Fund -Direct - Quarterly IDCW,11.0719,2026-07-14
132917,INF209KA1TV7,-,Aditya Birla Sun Life Dynamic Bond Fund -Regular - IDCW,12.1495,2026-07-14
111521,INF209K01801,INF209K01DG8,Aditya Birla Sun Life Dynamic Bond Fund -REGULAR - MONTHLY IDCW,10.7175,2026-07-14
102766,INF209K01819,INF209K01DH6,Aditya Birla Sun Life Dynamic Bond Fund -Regular - Quarterly IDCW,10.7532,2026-07-14
122645,INF209K01UW9,-,Aditya Birla Sun Life Floating Rate Fund-Direct - daily IDCW,100.0656,2026-07-14
122648,INF209K01UY5,-,Aditya Birla Sun Life Floating Rate Fund-Direct - weekly IDCW,100.8287,2026-07-14
122646,INF209K01UX7,-,Aditya Birla Sun Life Floating Rate Fund-Direct Plan-Growth,381.3505,2026-07-14
122643,-,INF209KA1LN1,Aditya Birla Sun Life Floating Rate Fund-Regular - DAILY IDCW,100.0792,2026-07-14
122647,-,INF209K01MH7,Aditya Birla Sun Life Floating Rate Fund-REGULAR - WEEKLY IDCW,100.751,2026-07-14
122644,INF209K01MG9,-,Aditya Birla Sun Life Floating Rate Fund-Regular Plan-Growth,370.296,2026-07-14
119606,INF209KA1LC4,INF209K01XR3,Aditya Birla Sun Life Govenment Securities Fund -DIRECT - Quarterly IDCW,11.6434,2026-07-14
100057,INF209K01AF6,INF209K01DP9,Aditya Birla Sun Life Govenment Securities Fund -Regular - Quarterly IDCW,10.846,2026-07-14
100058,INF209K01AC3,INF209K01AD1,Aditya Birla Sun Life Government Securities Fund  - Growth - Regular Plan,82.2109,2026-07-14
119605,INF209K01XP7,-,Aditya Birla Sun Life Government Securities Fund - Growth - Direct Plan,88.9136,2026-07-14
140309,INF843K01HB6,INF843K01HA8,Edelweiss Government Securities Fund - Direct Plan - Annual Dividend Option,26.8545,2026-07-14
140298,INF843K01GS2,-,Edelweiss Government Securities Fund - Direct Plan - Growth Option,26.8438,2026-07-14
140302,INF843K01GU8,INF843K01GV6,Edelweiss Government Securities Fund - Direct Plan - IDCW Option,26.7366,2026-07-14
140306,INF843K01GX2,-,Edelweiss Government Securities Fund - Direct Plan Fortnightly - IDCW Option,22.325,2026-07-14
140308,INF843K01GZ7,INF843K01GY0,Edelweiss Government Securities Fund - Direct Plan Monthly - IDCW Option,16.6124,2026-07-14
140304,INF843K01GW4,-,Edelweiss Government Securities Fund - Direct Plan weekly - IDCW Option,13.6712,2026-07-14
140310,INF843K01HL5,INF843K01HK7,Edelweiss Government Securities Fund - Regular Plan - Annual - IDCW Option,25.0729,2026-07-14
140297,INF843K01HC4,-,Edelweiss Government Securities Fund - Regular Plan - Growth Option,25.0619,2026-07-14
140301,INF843K01HE0,INF843K01HF7,Edelweiss Government Securities Fund - Regular Plan - IDCW Option,25.0784,2026-07-14
140305,INF843K01HH3,-,Edelweiss Government Securities Fund - Regular Plan Fortnightly - IDCW Option,23.7071,2026-07-14
140307,INF843K01HJ9,INF843K01HI1,Edelweiss Government Securities Fund - Regular Plan Monthly - IDCW Option,10.4333,2026-07-14
140303,INF843K01HG5,-,Edelweiss Government Securities Fund - Regular Plan Weekly - IDCW Option,10.349,2026-07-14
100047,INF209K01RU9,-,Aditya Birla Sun Life Liquid Fund - Growth,448.2461,2026-07-14
119568,INF209K01VA3,-,Aditya Birla Sun Life Liquid Fund - Growth - Direct Plan,454.2863,2026-07-14
100046,INF209K01KQ2,INF209K01SQ5,Aditya Birla Sun Life Liquid Fund -Daily IDCW,100.195,2026-07-14
119569,INF209K01UZ2,-,Aditya Birla Sun Life Liquid Fund -Direct - daily IDCW,100.195,2026-07-14
119571,INF209K01VD7,-,Aditya Birla Sun Life Liquid Fund -DIRECT - IDCW,136.6325,2026-07-14
119570,INF209K01VC9,-,Aditya Birla Sun Life Liquid Fund -Direct - weekly IDCW,100.2766,2026-07-14
103885,INF209KA1LI1,-,Aditya Birla Sun Life Liquid Fund -Regular - IDCW,103.9183,2026-07-14
100051,INF209K01KU4,INF209KA1LJ9,Aditya Birla Sun Life Liquid Fund -weekly IDCW,100.2751,2026-07-14
140194,INF754K01GY9,-,Edelweiss Liquid Fund - Direct Plan - Bonus Option,2114.5906,2026-07-14
140196,INF754K01GM4,-,Edelweiss Liquid Fund - Direct Plan - Growth Option,3634.6855,2026-07-14
140198,INF754K01GO0,INF754K01GN2,Edelweiss Liquid Fund - Direct Plan - IDCW Option,3634.6988,2026-07-14
140192,INF754K01GX1,INF754K01GT9,Edelweiss Liquid Fund - Direct Plan Annual - IDCW Option,3634.6594,2026-07-14
140193,-,INF754K01GP7,Edelweiss Liquid Fund - Direct Plan daily - IDCW Option,1194.3847,2026-07-14
140199,INF754K01GV5,INF754K01GR3,Edelweiss Liquid Fund - Direct Plan Fortnightly - IDCW Option,2472.9852,2026-07-14
140197,INF754K01GW3,INF754K01GS1,Edelweiss Liquid Fund - Direct Plan Monthly - IDCW Option,1007.7722,2026-07-14
140195,INF754K01GU7,INF754K01GQ5,Edelweiss Liquid Fund - Direct Plan weekly - IDCW Option,2173.0516,2026-07-14
140189,INF754K01HR1,-,Edelweiss Liquid Fund - Regular Plan - Bonus Option,2072.9806,2026-07-14
140182,INF754K01GZ6,-,Edelweiss Liquid Fund - Regular Plan - Growth Option,3558.5424,2026-07-14
140190,INF754K01GK8,INF754K01GL6,Edelweiss Liquid Fund - Regular Plan - IDCW Option,3558.5457,2026-07-14
140188,INF754K01HQ3,INF754K01HP5,Edelweiss Liquid Fund - Regular Plan Annual - IDCW Option,2462.2048,2026-07-14
140181,-,INF754K01HA7,Edelweiss Liquid Fund - Regular Plan Daily - IDCW Option,1317.626,2026-07-14
140184,INF754K01HK6,INF754K01HC3,Edelweiss Liquid Fund - Regular Plan Fortnightly - IDCW Option,2152.6815,2026-07-14
140183,INF754K01HL4,INF754K01HD1,Edelweiss Liquid Fund - Regular Plan Monthly - IDCW Option,1086.1543,2026-07-14
140185,INF754K01HJ8,INF754K01HB5,Edelweiss Liquid Fund - Regular Plan Weekly - IDCW Option,1215.2023,2026-07-14
140176,INF754K01HE9,-,Edelweiss Liquid Fund - Retail Plan - Growth Option,3236.2059,2026-07-14
140178,-,INF754K01HG4,Edelweiss Liquid Fund - Retail Plan - Weekly Dividend Option,1230.9637,2026-07-14
140177,-,INF754K01HF6,Edelweiss Liquid Fund - Retail Plan Daily - IDCW Option,1159.729,2026-07-14
140180,-,INF754K01HI0,Edelweiss Liquid Fund - Retail Plan Monthly - IDCW Option,1247.8688,2026-07-14
150484,INF209KB17J2,-,Aditya Birla Sun Life Long Duration Fund-Direct Growth,13.4554,2026-07-14
150485,INF209KB18J0,INF209KB19J8,Aditya Birla Sun Life Long Duration Fund-Direct IDCW Payout,10.9854,2026-07-14
150482,INF209KB14J9,-,Aditya Birla Sun Life Long Duration Fund-Regular Growth,13.1266,2026-07-14
150483,INF209KB15J6,INF209KB16J4,Aditya Birla Sun Life Long Duration Fund-Regular IDCW Payout,10.712,2026-07-14
119523,INF209K01XU7,-,Aditya Birla Sun Life Low duration Fund - Growth - Direct Plan,775.9312,2026-07-14
119524,INF209K01XW3,-,Aditya Birla Sun Life Low Duration Fund -Direct - daily IDCW,99.885,2026-07-14
119522,-,INF209K01XV5,Aditya Birla Sun Life Low Duration Fund -Direct - weekly IDCW,100.693,2026-07-14
113307,-,INF209KA1LP6,Aditya Birla Sun Life Low Duration Fund -Regular - DAILY IDCW,99.8678,2026-07-14
103193,-,INF209KA1LQ4,Aditya Birla Sun Life Low Duration Fund -REGULAR - WEEKLY IDCW,100.5671,2026-07-14
103192,INF209K01LQ0,-,Aditya Birla Sun Life Low Duration Fund -Regular- Growth Plan,694.6727,2026-07-14
153416,INF754K01UP8,-,Edelweiss Low Duration Fund - Direct Plan Growth,1093.4221,2026-07-14
153418,INF754K01UQ6,INF754K01UR4,Edelweiss Low Duration Fund - Direct Plan IDCW Payout,1093.3915,2026-07-14
153419,INF754K01UT0,-,Edelweiss Low Duration Fund - Regular Plan Growth,1082.347,2026-07-14
153417,INF754K01UU8,INF754K01UV6,Edelweiss Low Duration Fund - Regular Plan IDCW Payout,1082.3465,2026-07-14
119540,INF209KA1KN3,-,Aditya Birla Sun Life Medium Term Plan - DIRECT - HALF YEARLY IDCW,15.0089,2026-07-14
119538,INF209KA1KO1,-,Aditya Birla Sun Life Medium Term Plan - Direct - IDCW,18.1454,2026-07-14
119541,INF209KA1KP8,-,Aditya Birla Sun Life Medium Term Plan - DIRECT - Quarterly IDCW,14.4092,2026-07-14
119539,INF209K01XA9,-,Aditya Birla Sun Life Medium Term Plan - Growth - Direct Plan,47.6312,2026-07-14
111803,INF209K01603,-,Aditya Birla Sun Life Medium Term Plan - Growth - Regular Plan,43.4675,2026-07-14
111811,INF209K01595,INF209K01CZ0,Aditya Birla Sun Life Medium Term Plan - REGULAR - HALFYEARLY IDCW,14.0347,2026-07-14
111812,INF209K01611,INF209K01DA1,Aditya Birla Sun Life Medium Term Plan - Regular - IDCW,16.5024,2026-07-14
111809,INF209K01637,INF209KB1OJ2,Aditya Birla Sun Life Medium Term Plan - REGULAR - Quarterly IDCW,13.6559,2026-07-14
133446,INF209KA1WL2,INF209KA1WM0,Aditya Birla Sun Life Income Fund - Direct - IDCW,13.1303,2026-07-14
119655,INF209K01R13,INF209K01WZ8,Aditya Birla Sun Life Income Fund - Direct - Quarterly IDCW,14.0969,2026-07-14
119657,INF209K01WY1,-,Aditya Birla Sun Life Income Fund - Growth - Direct Plan,140.6078,2026-07-14
100038,INF209K01579,-,Aditya Birla Sun Life Income Fund - Growth - Regular Plan,129.8037,2026-07-14
133445,INF209KA1WJ6,INF209KA1WK4,Aditya Birla Sun Life Income Fund - Regular - IDCW,12.2646,2026-07-14
100037,INF209K01587,INF209K01CY3,Aditya Birla Sun Life Income Fund - Regular - Quarterly IDCW,13.0697,2026-07-14
101973,-,INF209K01SZ6,Aditya Birla Sun Life Money Manager Fund - Daily IDCW,99.9644,2026-07-14
119513,-,INF209K01UT5,Aditya Birla Sun Life Money Manager Fund - Direct - daily IDCW,99.9642,2026-07-14
119512,INF209K01UV1,INF209KA1LM3,Aditya Birla Sun Life Money Manager Fund - Direct - weekly IDCW,100.0522,2026-07-14
101976,INF209K01RV7,-,Aditya Birla Sun Life Money Manager Fund - Growth,394.6243,2026-07-14
119511,INF209K01UU3,-,Aditya Birla Sun Life Money Manager Fund - Growth - Direct Plan,400.3453,2026-07-14
101974,-,INF209K01SY9,Aditya Birla Sun Life Money Manager Fund - WEEKLY IDCW,100.0506,2026-07-14
140236,INF843K01CI2,INF843K01CH4,Edelweiss Money Market Fund - Direct Plan - Annual - IDCW Option,33.4628,2026-07-14
140237,INF843K01CE1,-,Edelweiss Money Market Fund - Direct Plan - Growth Option,33.4704,2026-07-14
140235,INF843K01CF8,INF843K01CG6,Edelweiss Money Market Fund - Direct Plan - IDCW Option,31.2153,2026-07-14
140230,INF843K01377,-,Edelweiss Money Market Fund - Institutional Plan - Growth Option,25.8159,2026-07-14
140233,INF843K01922,INF843K01914,Edelweiss Money Market Fund - Regular Plan - Annual - IDCW Option,29.9196,2026-07-14
140229,INF843K01344,-,Edelweiss Money Market Fund - Regular Plan - Growth Option,30.1681,2026-07-14
140232,INF843K01351,INF843K01369,Edelweiss Money Market Fund - Regular Plan - IDCW Option,28.38,2026-07-14
145488,INF209KB1ZL4,-,ADITYA BIRLA SUN LIFE OVERNIGHT FUND-  Direct - Monthly Payout of IDCW,1002.1456,2026-07-14
145489,-,INF209KB1ZJ8,ADITYA BIRLA SUN LIFE OVERNIGHT FUND-  Direct - Weekly Reinvestment of IDCW,1000.6188,2026-07-14
145482,-,INF209KB1ZE9,ADITYA BIRLA SUN LIFE OVERNIGHT FUND-  Regular - Weekly Reinvestment of IDCW option,1000.5743,2026-07-14
145487,-,INF209KB1ZI0,ADITYA BIRLA SUN LIFE OVERNIGHT FUND- Direct - Daily Reinvestment of IDCW,1000.02,2026-07-14
145483,-,INF209KB1ZD1,ADITYA BIRLA SUN LIFE OVERNIGHT FUND- Regular - Daily Reinvestment of IDCW,1000.02,2026-07-14
145485,INF209KB1ZG4,-,ADITYA BIRLA SUN LIFE OVERNIGHT FUND- Regular- Monthly Payout of IDCW option,1002.0996,2026-07-14
145486,INF209KB1ZH2,-,ADITYA BIRLA SUN LIFE OVERNIGHT FUND-DIRECT PLAN-GROWTH,1478.2792,2026-07-14
145481,INF209KB1ZC3,-,ADITYA BIRLA SUNLIFE OVERNIGHT FUND-REGULAR PLAN-GROWTH,1465.3274,2026-07-14
147551,INF754K01KD5,INF754K01KC7,Edelweiss Overnight Fund - Direct Plan - Annual - IDCW Option,1414.3312,2026-07-14
147557,-,INF754K01JW7,Edelweiss Overnight Fund - Direct Plan - Daily - IDCW Option,1000.2357,2026-07-14
147550,INF754K01JZ0,INF754K01JY3,Edelweiss Overnight Fund - Direct Plan - Fortnightly - IDCW Option,1366.8919,2026-07-14
147570,INF754K01JV9,-,Edelweiss Overnight Fund - Direct Plan - Growth,1413.8634,2026-07-14
147554,INF754K01KB9,INF754K01KA1,Edelweiss Overnight Fund - Direct Plan - Monthly - IDCW Option,1060.3752,2026-07-14
147558,-,INF754K01JX5,Edelweiss Overnight Fund - Direct Plan - Weekly - IDCW Option,1378.3153,2026-07-14
147556,INF754K01KM6,INF754K01KL8,Edelweiss Overnight Fund - Regular Plan - Annual - IDCW Option,1408.4877,2026-07-14
147552,-,INF754K01KF0,Edelweiss Overnight Fund - Regular Plan - Daily - IDCW Option,1008.3727,2026-07-14
147549,INF754K01KI4,INF754K01KH6,Edelweiss Overnight Fund - Regular Plan - Fortnightly - IDCW Option,1095.1543,2026-07-14
147569,INF754K01KE3,-,Edelweiss Overnight Fund - Regular Plan - Growth,1408.4763,2026-07-14
147555,INF754K01KK0,INF754K01KJ2,Edelweiss Overnight Fund - Regular Plan - Monthly - IDCW Option,1007.1104,2026-07-14
147553,-,INF754K01KG8,Edelweiss Overnight Fund - Regular Plan - Weekly - IDCW Option,1016.5569,2026-07-14
149476,-,-,Edelweiss Overnight Fund - Unclaimed IDCW Plan - Above 3 years,1000.0,2026-07-14
149477,-,-,Edelweiss Overnight Fund - Unclaimed IDCW Plan - Upto 3 years,1293.6084,2026-07-14
149479,-,-,Edelweiss Overnight Fund - Unclaimed Redemption Plan - Above 3 years,1000.0,2026-07-14
149478,-,-,Edelweiss Overnight Fund - Unclaimed Redemption Plan - Upto 3 years,1293.6068,2026-07-14
119496,INF209KA1KQ6,INF209K01XL6,Aditya Birla Sun Life Short Term Fund - DIRECT - IDCW,11.0356,2026-07-14
119498,INF209K01XK8,-,Aditya Birla Sun Life Short Term Fund - Growth - Direct Plan,54.8668,2026-07-14
101844,INF209K01942,-,Aditya Birla Sun Life Short Term Fund - Growth - Regular Plan,50.3867,2026-07-14
101843,INF209K01975,INF209K01DK0,Aditya Birla Sun Life Short Term Fund - REGULAR - IDCW,15.053,2026-07-14
112356,INF209K01BU3,-,Aditya Birla Sun Life Short Term Fund - REGULAR - Quarterly IDCW,10.4051,2026-07-14
119497,INF209K01R96,INF209KA1KR4,Aditya Birla Sun Life Short Term Fund-Quarterly-IDCW-Direct,10.9187,2026-07-14
119501,INF209K01UR9,-,Aditya Birla Sun Life Savings Fund - Growth - Direct Plan,596.695,2026-07-14
101317,INF209K01LZ1,-,Aditya Birla Sun Life Savings Fund - Growth - Regular Plan,584.6526,2026-07-14
119500,INF209K01UQ1,-,Aditya Birla Sun Life Savings Fund-DIRECT - DAILY IDCW,99.9596,2026-07-14
119499,INF209K01US7,-,Aditya Birla Sun Life Savings Fund-DIRECT - WEEKLY IDCW,100.5061,2026-07-14
105888,INF209K01LY4,-,Aditya Birla Sun Life Savings Fund-Regular - DAILY IDCW,99.9573,2026-07-14
105887,INF209K01MA2,-,Aditya Birla Sun Life Savings Fund-Regular - weekly IDCW,100.4297,2026-07-14
119544,INF209K01UN8,-,Aditya Birla Sun Life ELSS Tax Saver Fund - Growth - Direct Plan,69.48,2026-07-14
107745,INF209K01108,-,Aditya Birla Sun Life ELSS Tax Saver Fund - Growth Option,61.82,2026-07-14
119543,INF209K01P23,INF209K01UM0,Aditya Birla Sun Life ELSS Tax Saver Fund-DIRECT - IDCW,436.69,2026-07-14
103164,INF209K01090,INF209K01CB1,Aditya Birla Sun Life ELSS Tax Saver Fund-Regular - IDCW,189.66,2026-07-14
118619,INF754K01BX2,INF754K01BY0,Edelweiss ELSS Tax Saver Fund - Direct Plan - IDCW Option,46.48,2026-07-14
118620,INF754K01CA8,-,Edelweiss ELSS Tax Saver Fund - Direct Plan-Growth Option,137.45,2026-07-14
111638,INF754K01517,-,Edelweiss ELSS Tax Saver Fund - Regular Plan - Growth Option,114.37,2026-07-14
111639,INF754K01525,INF754K01541,Edelweiss ELSS Tax Saver Fund - Regular Plan - IDCW Option,30.61,2026-07-14
120564,INF209K01XX1,-,Aditya Birla Sun Life Flexi Cap Fund - Growth - Direct Plan,2148.94,2026-07-14
103166,INF209K01AJ8,-,Aditya Birla Sun Life Flexi Cap Fund - Growth - Regular Plan,1908.03,2026-07-14
120565,INF209KA1LE0,INF209K01XY9,Aditya Birla Sun Life Flexi Cap Fund -DIRECT - IDCW,233.97,2026-07-14
103165,INF209K01AQ3,INF209K01DT1,Aditya Birla Sun Life Flexi Cap Fund -Regular - IDCW,164.38,2026-07-14
140353,INF843K01KK1,-,Edelweiss Flexi Cap Fund - Direct Plan - Growth Option,45.15,2026-07-14
140354,INF843K01KL9,INF843K01KM7,Edelweiss Flexi Cap Fund - Direct Plan - IDCW Option,36.567,2026-07-14
140356,INF843K01KO3,INF843K01KP0,Edelweiss Flexi Cap Fund - Regular - IDCW Option,31.095,2026-07-14
140355,INF843K01KN5,-,Edelweiss Flexi Cap Fund - Regular Plan - Growth Option,38.481,2026-07-14
119564,INF209K01WE3,-,Aditya Birla Sun Life Focused Fund - Growth - Direct Plan,165.9891,2026-07-14
119563,INF209K01Q71,INF209K01WF0,Aditya Birla Sun Life Focused Fund -Direct - IDCW,59.2598,2026-07-14
103309,INF209K01462,-,Aditya Birla Sun Life Focused Fund -Growth Option,146.0161,2026-07-14
103308,INF209K01454,INF209K01CS5,Aditya Birla Sun Life Focused Fund -Regular - IDCW,24.9301,2026-07-14
150376,INF754K01OP1,-,Edelweiss Focused Fund - Direct Plan - Growth,17.497,2026-07-14
150383,INF754K01OQ9,INF754K01OR7,Edelweiss Focused Fund - Direct Plan - IDCW,16.002,2026-07-14
150382,INF754K01OL0,-,Edelweiss Focused Fund - Regular Plan - Growth,16.412,2026-07-14
150384,INF754K01OM8,INF754K01ON6,Edelweiss Focused Fund - Regular Plan - IDCW,14.918,2026-07-14
119436,INF209K01VH8,-,Aditya Birla Sun Life Large & Mid Cap Fund - Growth - Direct Plan,1044.14,2026-07-14
100033,INF209K01165,-,Aditya Birla Sun Life Large & Mid Cap Fund - Regular Growth,931.54,2026-07-14
119433,INF209K01VG0,INF209K01VI6,Aditya Birla Sun Life Large & Mid Cap Fund -Direct - IDCW,210.13,2026-07-14
100034,INF209K01157,INF209K01CE5,Aditya Birla Sun Life Large & Mid Cap Fund -Regular - IDCW,135.67,2026-07-14
140175,INF843K01AL0,-,Edelweiss Large & Mid Cap Fund - Direct Plan - Growth Option,106.832,2026-07-14
140172,INF843K01047,-,Edelweiss Large & Mid Cap Fund - Regular Plan - Growth Option,89.568,2026-07-14
140174,INF843K01AM8,INF843K01AN6,Edelweiss Large and Mid Cap Fund - Direct Plan - IDCW Option,41.438,2026-07-14
140173,INF843K01054,INF843K01062,Edelweiss Large and Mid Cap Fund - Regular Plan - IDCW Option,34.16,2026-07-14
119528,INF209K01YY7,-,Aditya Birla Sun Life Large Cap Fund - Growth - Direct Plan,572.3,2026-07-14
119527,INF209K01YX9,INF209K01YW1,Aditya Birla Sun Life Large Cap Fund-DIRECT - IDCW,92.05,2026-07-14
103174,INF209K01BR9,-,Aditya Birla Sun Life Large Cap Fund-Growth,514.52,2026-07-14
103173,INF209K01BO6,INF209K01EC5,Aditya Birla Sun Life Large Cap Fund-Regular - IDCW,38.3,2026-07-14
118616,INF754K01BT0,INF754K01BU8,Edelweiss Large Cap Fund - Direct Plan - IDCW Option,37.94,2026-07-14
118617,INF754K01BW4,-,Edelweiss Large Cap Fund - Direct Plan-Growth option,96.13,2026-07-14
111938,INF754K01053,INF754K01061,Edelweiss Large Cap Fund - Plan B - IDCW Option,80.99,2026-07-14
111939,INF754K01095,INF754K01103,Edelweiss Large Cap Fund - Plan C - IDCW Option,66.97,2026-07-14
111940,INF754K01046,-,Edelweiss Large Cap Fund - Regular Plan - Growth Option,82.51,2026-07-14
111936,INF754K01012,INF754K01020,Edelweiss Large Cap Fund - Regular Plan - IDCW Option,26.0,2026-07-14
111935,INF754K01087,-,Edelweiss Large Cap Fund -Plan B - Growth option,83.02,2026-07-14
111937,INF754K01129,-,Edelweiss Large Cap Fund -Plan C - Growth option,81.93,2026-07-14
119620,INF209K01Q30,-,Aditya Birla Sun Life Midcap Fund - Growth - Direct Plan,937.89,2026-07-14
119619,INF209K01Q22,-,Aditya Birla Sun Life Midcap Fund -DIRECT - IDCW,100.14,2026-07-14
101591,INF209K01355,INF209K01CN6,Aditya Birla Sun Life Midcap Fund -REGULAR - IDCW,58.24,2026-07-14
101592,INF209K01363,-,Aditya Birla Sun Life MIDCAP Fund-Growth,835.05,2026-07-14
140228,INF843K01AO4,-,Edelweiss Mid Cap Fund - Direct Plan - Growth Option,127.346,2026-07-14
140227,INF843K01AP1,INF843K01AQ9,Edelweiss Mid Cap Fund - Direct Plan - IDCW Option,92.858,2026-07-14
140225,INF843K01013,-,Edelweiss Mid Cap Fund - Regular Plan - Growth Option,107.744,2026-07-14
140226,INF843K01021,INF843K01039,Edelweiss Mid Cap Fund - Regular Plan - IDCW Option,62.117,2026-07-14
148921,INF209KB1Y49,-,Aditya Birla Sun Life Multi-Cap Fund-Direct Growth,22.07,2026-07-14
148920,INF209KB1Y56,-,Aditya Birla Sun Life Multi-Cap Fund-Direct IDCW Payout,19.52,2026-07-14
148918,INF209KB1Y23,-,Aditya Birla Sun Life Multi-Cap Fund-Regular Growth,20.58,2026-07-14
148919,INF209KB1Y31,-,Aditya Birla Sun Life Multi-Cap Fund-Regular-IDCW Payout,18.21,2026-07-14
152094,INF754K01SD8,-,Edelweiss Multi Cap Fund - Direct Plan - Growth,16.2537,2026-07-14
152093,INF754K01SA4,INF754K01SB2,Edelweiss Multi Cap Fund - Direct Plan - IDCW,15.7511,2026-07-14
152095,INF754K01RW0,-,Edelweiss Multi Cap Fund - Regular Plan - Growth,15.5823,2026-07-14
152096,INF754K01RX8,INF754K01RY6,Edelweiss Multi Cap Fund - Regular Plan - IDCW,15.08,2026-07-14
125598,INF209K013W3,INF209K015W8,Aditya Birla Sun Life Banking and Financial Services Fund - DIRECT - IDCW,31.8,2026-07-14
125597,INF209K014W1,-,Aditya Birla Sun Life Banking and Financial Services Fund - Direct Plan - Growth,72.13,2026-07-14
125596,INF209K010W9,INF209K012W5,Aditya Birla Sun Life Banking and Financial Services Fund - REGULAR - IDCW,23.3,2026-07-14
125595,INF209K011W7,-,Aditya Birla Sun Life Banking and Financial Services Fund - Regular Plan - Growth,63.72,2026-07-14
153124,INF209KC1373,-,Aditya Birla Sun Life Conglomerate Fund-Direct Growth,11.16,2026-07-14
153125,INF209KC1381,-,Aditya Birla Sun Life Conglomerate Fund-Direct IDCW Payout,11.16,2026-07-14
153127,INF209KC1399,-,Aditya Birla Sun Life Conglomerate Fund-Regular Growth,10.91,2026-07-14
153126,INF209KC1407,-,Aditya Birla Sun Life Conglomerate Fund-Regular IDCW Payout,10.92,2026-07-14
119591,INF209K01WC7,-,Aditya Birla Sun Life Consumption Fund - Growth - Direct Plan,236.4,2026-07-14
119590,INF209K01Q63,-,Aditya Birla Sun Life Consumption Fund -DIRECT - IDCW,45.49,2026-07-14
103110,INF209K01439,INF209K01CR7,Aditya Birla Sun Life Consumption Fund -Regular - IDCW,35.5,2026-07-14
103111,INF209K01447,-,Aditya Birla Sun Life Consumption Fund-Growth Option,204.62,2026-07-14
148640,INF209KB1U84,INF209KB1U92,Aditya Birla Sun Life ESG Integration Strategy Fund-Direct - Payout of IDCW,15.58,2026-07-14
148637,INF209KB1U76,-,Aditya Birla Sun Life ESG Integration Strategy Fund-Direct Plan-Growth,19.18,2026-07-14
148636,INF209KB1U50,INF209KB1U68,Aditya Birla Sun Life ESG Integration Strategy Fund-Regular - Payout of IDCW,14.42,2026-07-14
148635,INF209KB1U43,-,Aditya Birla Sun Life ESG Integration Strategy Fund-Regular Plan-Growth,17.76,2026-07-14
119515,INF209K01WG8,-,Aditya Birla Sun Life Infrastructure Fund -  Direct - IDCW,49.28,2026-07-14
103475,INF209K01470,INF209K01CT3,Aditya Birla Sun Life Infrastructure Fund -  Regular - IDCW,29.02,2026-07-14
119514,INF209K01WH6,-,Aditya Birla Sun Life Infrastructure Fund - Growth - Direct Plan,117.58,2026-07-14
103476,INF209K01504,-,Aditya Birla Sun Life Infrastructure Fund-Growth,105.68,2026-07-14
133514,INF209KA1YL8,INF209KA1YM6,Aditya Birla Sun Life Manufacturing Equity Fund - Direct - IDCW,24.5,2026-07-14
133516,INF209KA1YK0,-,Aditya Birla Sun Life Manufacturing Equity Fund - Direct Plan - Growth,41.41,2026-07-14
133515,INF209KA1YI4,INF209KA1YJ2,Aditya Birla Sun Life Manufacturing Equity Fund - Regular - IDCW,22.2,2026-07-14
133513,INF209KA1YH6,-,Aditya Birla Sun Life Manufacturing Equity Fund - Regular Plan - Growth,37.3,2026-07-14
147410,INF209KB1O33,INF209KB1O41,Aditya Birla Sun Life Pharma and Healthcare Fund-Direct - Payout of IDCW,25.85,2026-07-14
147409,INF209KB1O25,-,Aditya Birla Sun Life Pharma and Healthcare Fund-Direct-Growth,39.75,2026-07-14
147408,INF209KB1O09,INF209KB1O17,Aditya Birla Sun Life Pharma and Healthcare Fund-Regular - Payout of IDCW,23.6,2026-07-14
147407,INF209KB1N91,-,Aditya Birla Sun Life Pharma and Healthcare Fund-Regular-Growth,35.73,2026-07-14
147845,INF209KB1O90,-,Aditya Birla Sun Life PSU Equity Fund-Direct - Payout of IDCW,30.09,2026-07-14
147844,INF209KB1O82,-,Aditya Birla Sun Life PSU Equity Fund-Direct Plan-Growth,39.62,2026-07-14
147847,INF209KB1O74,-,Aditya Birla Sun Life PSU Equity Fund-Regular - Payout of IDCW,25.7,2026-07-14
147846,INF209KB1O66,-,Aditya Birla Sun Life PSU Equity Fund-Regular Plan-Growth,35.83,2026-07-14
152684,INF209KC1118,-,Aditya Birla Sun Life Quant Fund - Direct Growth,10.37,2026-07-14
152685,INF209KC1126,-,Aditya Birla Sun Life Quant Fund - Direct IDCW Payout,10.36,2026-07-14
152686,INF209KC1092,-,Aditya Birla Sun Life Quant Fund - Regular Growth,10.07,2026-07-14
152687,INF209KC1100,-,Aditya Birla Sun Life Quant Fund - Regular IDCW Payout,10.06,2026-07-14
148540,INF209KB1T87,INF209KB1T95,Aditya Birla Sun Life Special Opportunities Fund-Direct - IDCW,23.64,2026-07-14
148539,INF209KB1T79,-,Aditya Birla Sun Life Special Opportunities Fund-Direct-Growth,30.43,2026-07-14
148538,INF209KB1T53,INF209KB1T61,Aditya Birla Sun Life Special Opportunities Fund-Regular - IDCW,21.84,2026-07-14
148537,INF209KB1T46,-,Aditya Birla Sun Life Special Opportunities Fund-Regular Plan-Growth,28.12,2026-07-14
152158,INF209KB15X7,-,Aditya Birla Sun Life Transportation and Logistics Fund-Direct Growth,16.35,2026-07-14
152159,INF209KB16X5,-,Aditya Birla Sun Life Transportation and Logistics Fund-Direct IDCW,16.35,2026-07-14
152161,INF209KB17X3,-,Aditya Birla Sun Life Transportation and Logistics Fund-Regular Growth,15.74,2026-07-14
152160,INF209KB18X1,-,Aditya Birla Sun Life Transportation and Logistics Fund-Regular IDCW,15.75,2026-07-14
152710,INF754K01TA2,-,Edelweiss Business Cycle Fund - Direct Plan - Growth,9.0295,2026-07-14
152723,INF754K01TB0,INF754K01TC8,Edelweiss Business Cycle Fund - Direct Plan - IDCW Option,9.0295,2026-07-14
152724,INF754K01SW8,-,Edelweiss Business Cycle Fund - Regular Plan - Growth,8.7504,2026-07-14
152722,INF754K01SX6,INF754K01SY4,Edelweiss Business Cycle Fund - Regular Plan - IDCW Option,8.7504,2026-07-14
153214,INF754K01TY2,-,Edelweiss Consumption Fund - Direct - Growth,11.1944,2026-07-14
153254,INF754K01TZ9,INF754K01UA0,Edelweiss Consumption Fund - Direct - IDCW - Payout,11.1944,2026-07-14
153255,INF754K01UC6,-,Edelweiss Consumption Fund - Regular - Growth,10.9356,2026-07-14
153215,INF754K01UD4,INF754K01UE2,Edelweiss Consumption Fund - Regular - IDCW - Payout,10.9356,2026-07-14
154108,INF754K01WH1,-,Edelweiss Financial Services Fund - Direct Plan - Growth Option,9.6437,2026-07-14
154105,INF754K01WI9,INF754K01WJ7,Edelweiss Financial Services Fund - Direct Plan - IDCW Option,9.6437,2026-07-14
154107,INF754K01WL3,-,Edelweiss Financial Services Fund - Regular Plan - Growth Option,9.5824,2026-07-14
154106,INF754K01WM1,INF754K01WN9,Edelweiss Financial Services Fund - Regular Plan - IDCW Option,9.5824,2026-07-14
142386,INF754K01MM2,INF754K01MN0,Edelweiss Recently Listed IPO Fund - DIRECT PLAN - IDCW Option,33.7786,2026-07-14
142388,INF754K01ML4,-,Edelweiss Recently Listed IPO Fund Direct Plan Growth,33.7786,2026-07-14
142384,INF754K01MI0,INF754K01MJ8,Edelweiss Recently Listed IPO Fund REGULAR PLAN - IDCW Option,31.1544,2026-07-14
142383,INF754K01MH2,-,Edelweiss Recently Listed IPO Fund Regular Plan Growth,31.1561,2026-07-14
105804,INF209K01EN2,-,Aditya Birla Sun Life Small Cap Fund - GROWTH,95.551,2026-07-14
119556,INF209K01WN4,-,Aditya Birla Sun Life Small Cap Fund - Growth - Direct Plan,109.5703,2026-07-14
119557,INF209K01WM6,-,Aditya Birla Sun Life Small Cap Fund -Direct - IDCW,76.9096,2026-07-14
105805,INF209K01EO0,INF209K01EP7,Aditya Birla Sun Life Small Cap Fund -Regular - IDCW,39.5447,2026-07-14
146196,INF754K01JN6,-,Edelweiss Small Cap Fund - Direct Plan - Growth,52.651,2026-07-14
146197,INF754K01JO4,INF754K01JP1,Edelweiss Small Cap Fund - Direct Plan - IDCW Option,46.061,2026-07-14
146193,INF754K01JJ4,-,Edelweiss Small Cap Fund - Regular Plan - Growth,46.99,2026-07-14
146194,INF754K01JK2,INF754K01JL0,Edelweiss Small Cap Fund - Regular Plan - IDCW Option,40.833,2026-07-14
119658,INF209K01WP9,INF209K01WR5,Aditya Birla Sun Life Value Fund - Direct - IDCW,82.2332,2026-07-14
119659,INF209K01WQ7,-,Aditya Birla Sun Life Value Fund - Growth - Direct Plan,154.0883,2026-07-14
108167,INF209K01LF3,-,Aditya Birla Sun Life Value Fund - Growth Option,135.7392,2026-07-14
108166,INF209K01LE6,INF209K01LG1,Aditya Birla Sun Life Value Fund - Regular - IDCW,44.6861,2026-07-14
151533,INF209KB18T9,-,Aditya Birla Sun Life CRISIL Liquid Overnight ETF - IDCW Daily Reinvestment with Weekly Payout,1000.0,2026-07-14
139581,INF209KB10E8,-,Aditya Birla Sun Life BSE Sensex ETF,77.5908,2026-07-14
154224,INF209KC1670,-,Aditya Birla Sun Life BSE Top 10 Banks ETF,172.554,2026-07-14
115127,INF209KB18D3,-,Aditya Birla Sun Life Gold ETF,123.7262,2026-07-14
154220,INF209KC1662,-,Aditya Birla Sun Life MSCI India ETF,29.4082,2026-07-14
150497,INF209KB15K4,-,Aditya Birla Sun Life Nifty 200 Quality 30 ETF,20.8862,2026-07-14
115512,INF209KB19D1,-,Aditya Birla Sun Life Nifty 50 ETF,28.1612,2026-07-14
147735,INF209KB17D5,-,Aditya Birla Sun Life Nifty Bank ETF,58.9026,2026-07-14
149262,INF209KB10C2,-,Aditya Birla Sun Life Nifty Healthcare ETF,16.9111,2026-07-14
149293,INF209KB11D8,-,Aditya Birla Sun Life Nifty IT ETF,31.3903,2026-07-14
145881,INF209KB16D7,-,Aditya Birla Sunlife Nifty Next 50 ETF,75.5123,2026-07-14
152620,INF209KB19Z4,-,Aditya Birla Sun Life Nifty PSE ETF,10.2864,2026-07-14
149779,INF209KB19F6,-,Aditya Birla Sun Life Silver ETF,217.3378,2026-07-14
149780,INF209KB16F2,-,Aditya Birla Sun Life Silver ETF FOF-Direct Growth,33.7809,2026-07-14
149781,INF209KB17F0,INF209KB18F8,Aditya Birla Sun Life Silver ETF FOF-Direct IDCW,33.7688,2026-07-14
149783,INF209KB13F9,-,Aditya Birla Sun Life Silver ETF FOF-Regular Growth,33.1091,2026-07-14
149784,INF209KB14F7,INF209KB15F4,Aditya Birla Sun Life Silver ETF FOF-Regular IDCW,33.1028,2026-07-14
120517,INF209K01ZC0,-,Aditya Birla Sun Life Equity Hybrid'95 Fund - Direct Plan-Growth,1726.7,2026-07-14
103155,INF209K01BT5,-,Aditya Birla Sun Life Equity Hybrid'95 Fund - Regular Plan-Growth,1530.29,2026-07-14
120518,INF209KA1LH3,INF209K01ZB2,Aditya Birla Sun Life Equity Hybrid'95 Fund -DIRECT - IDCW,293.84,2026-07-14
103154,INF209K01BS7,INF209K01EE1,Aditya Birla Sun Life Equity Hybrid'95 Fund -Regular - IDCW,170.7,2026-07-14
118625,INF754K01CB6,INF754K01CC4,Edelweiss Aggressive Hybrid Fund  - Direct Plan - IDCW Option,32.64,2026-07-14
112013,INF754K01137,INF754K01145,Edelweiss Aggressive Hybrid Fund  - Plan B - IDCW Option,64.52,2026-07-14
112108,INF754K01202,-,Edelweiss Aggressive Hybrid Fund - Regular Plan - Growth Option,64.39,2026-07-14
112109,INF754K01178,INF754K01186,Edelweiss Aggressive Hybrid Fund - Regular Plan - IDCW Option,25.76,2026-07-14
112012,INF754K01160,-,Edelweiss Aggressive Hybrid Fund- Plan B-Growth Option,63.71,2026-07-14
118624,INF754K01CE0,-,Edelweiss Aggressive Hybrid Fund-Direct Plan-Growth Option,75.24,2026-07-14
119526,INF209K01VP1,-,Aditya Birla Sun Life Arbitrage Fund - Growth - Direct Plan,30.6238,2026-07-14
112088,INF209K01264,-,Aditya BIRLA SUN LIFE ARBITRAGE FUND - REGULAR PLAN - GROWTH,28.2009,2026-07-14
119525,INF209K01P80,INF209K01VQ9,Aditya Birla Sun Life Arbitrage Fund-DIRECT - IDCW,11.516,2026-07-14
112087,INF209K01256,INF209K01CI6,Aditya Birla Sun Life Arbitrage Fund-Regular - IDCW,11.0771,2026-07-14
130209,INF754K01EB2,INF754K01EC0,Edelweiss Arbitrage Fund - Direct Plan - IDCW Option,15.8961,2026-07-14
141606,INF754K01HW1,INF754K01HX9,Edelweiss Arbitrage Fund - Monthly  Direct Plan - IDCW Option,18.2665,2026-07-14
141605,INF754K01HT7,INF754K01HU5,Edelweiss Arbitrage Fund - Monthly  Regular Plan - IDCW Option,16.8107,2026-07-14
130207,INF754K01EG1,INF754K01EH9,Edelweiss Arbitrage Fund - Regular Plan - IDCW Option,15.0994,2026-07-14
130206,INF754K01EA4,-,Edelweiss Arbitrage Fund- Direct Plan- Growth Option,22.2351,2026-07-14
130208,INF754K01EJ5,-,Edelweiss Arbitrage Fund- Regular Plan -Bonus Option,20.6749,2026-07-14
130205,INF754K01EF3,-,Edelweiss Arbitrage Fund- Regular Plan- Growth Option,20.5758,2026-07-14
120550,INF209K01R47,INF209K01XI2,Aditya Birla Sun Life Regular Savings Fund - DIRECT - MONTHLY IDCW,27.1355,2026-07-14
120705,INF209K01XH4,-,Aditya Birla Sun Life Regular Savings Fund - Growth / Payment - Direct Plan,78.9222,2026-07-14
101818,INF209K01751,-,Aditya Birla Sun Life Regular Savings Fund - Growth / Payment - Regular Plan,70.0139,2026-07-14
101816,INF209K01769,INF209K01DF0,Aditya Birla Sun Life Regular Savings Fund - REGULAR - MONTHLY IDCW,16.4718,2026-07-14
131670,INF084M01DJ5,-,Aditya Birla Sun Life Balanced Advantage Fund - Direct Plan - Growth Option,128.37,2026-07-14
131666,INF084M01AB8,-,Aditya Birla Sun Life Balanced Advantage Fund - Regular Plan - Growth Option,111.88,2026-07-14
131671,INF084M01DK3,INF084M01DL1,Aditya Birla Sun Life Balanced Advantage Fund -DIRECT - IDCW,30.24,2026-07-14
131665,INF084M01AC6,INF084M01AD4,Aditya Birla Sun Life Balanced Advantage Fund -REGULAR - IDCW,26.32,2026-07-14
141767,INF754K01IH0,INF754K01II8,Edelweiss Balanced Advantage Fund - Direct Plan - Monthly - IDCW Option,26.07,2026-07-14
118614,INF754K01BP8,INF754K01BQ6,Edelweiss Balanced Advantage Fund - Direct Plan - Quarterly - IDCW Option,28.92,2026-07-14
112117,INF754K01285,-,Edelweiss Balanced Advantage Fund - Regular Plan - Growth Option,52.41,2026-07-14
141766,INF754K01IK4,INF754K01IL2,Edelweiss Balanced Advantage Fund - Regular Plan - Monthly - IDCW Option,20.53,2026-07-14
112118,INF754K01251,INF754K01269,Edelweiss Balanced Advantage Fund - Regular Plan - Quarterly - IDCW Option,21.05,2026-07-14
118615,INF754K01BS2,-,Edelweiss Balanced Advantage Fund -Direct Plan-Growth Option,60.28,2026-07-14
132996,INF209KA1TQ7,INF209KA1TR5,Aditya Birla Sun Life Equity Savings Fund - Direct - IDCW,15.46,2026-07-14
132995,INF209KA1TP9,-,Aditya Birla Sun Life Equity Savings Fund - Direct Plan - Growth,25.88,2026-07-14
132997,INF209KA1TT1,INF209KA1TU9,Aditya Birla Sun Life Equity Savings Fund - Regular - IDCW,13.07,2026-07-14
132998,INF209KA1TS3,-,Aditya Birla Sun Life Equity Savings Fund - Regular Plan - Growth,23.24,2026-07-14
151307,INF209KB15R9,-,Aditya Birla Sun Life Multi Asset Allocation Fund-Direct Growth,17.5702,2026-07-14
151308,INF209KB16R7,INF209KB17R5,Aditya Birla Sun Life Multi Asset Allocation Fund-Direct IDCW,15.8835,2026-07-14
151309,INF209KB12R6,-,Aditya Birla Sun Life Multi Asset Allocation Fund-Regular Growth,16.7431,2026-07-14
151310,INF209KB13R4,INF209KB14R2,Aditya Birla Sun Life Multi Asset Allocation Fund-Regular IDCW,14.0981,2026-07-14
153735,INF209KC1605,-,Aditya Birla Sun Life BSE 500 Momentum 50 Index Fund- Regular Growth,10.6286,2026-07-14
153736,INF209KC1589,-,Aditya Birla Sun Life BSE 500 Momentum 50 Index Fund-Direct Growth,10.7024,2026-07-14
153737,INF209KC1597,-,Aditya Birla Sun Life BSE 500 Momentum 50 Index Fund-Direct IDCW Payout,10.7034,2026-07-14
153734,INF209KC1654,-,Aditya Birla Sun Life BSE 500 Momentum 50 Index Fund-Regular IDCW Payout,10.6286,2026-07-14
153740,INF209KC1613,-,Aditya Birla Sun Life BSE 500 Quality 50 Index Fund - Direct Growth,10.7419,2026-07-14
153741,INF209KC1621,-,Aditya Birla Sun Life BSE 500 Quality 50 Index Fund - Direct IDCW Payout,10.7419,2026-07-14
153742,INF209KC1639,-,Aditya Birla Sun Life BSE 500 Quality 50 Index Fund - Regular Growth,10.6665,2026-07-14
153743,INF209KC1647,-,Aditya Birla Sun Life BSE 500 Quality 50 Index Fund - Regular IDCW Payout,10.6665,2026-07-14
153081,INF209KC1332,-,Aditya Birla Sun Life BSE India Infrastructure Index Fund-Direct Growth,9.4573,2026-07-14
153078,INF209KC1340,-,Aditya Birla Sun Life BSE India Infrastructure Index Fund-Direct IDCW Payout,9.4573,2026-07-14
153080,INF209KC1357,-,Aditya Birla Sun Life BSE India Infrastructure Index Fund-Regular Growth,9.3687,2026-07-14
153079,INF209KC1365,-,Aditya Birla Sun Life BSE India Infrastructure Index Fund-Regular IDCW Payout,9.369,2026-07-14
148962,INF209KB1Z71,-,Aditya Birla Sun Life Nifty 50 Equal Weight Index Fund-Direct Growth,18.8949,2026-07-14
148963,INF209KB1Z89,INF209KB1Z97,Aditya Birla Sun Life Nifty 50 Equal Weight Index Fund-Direct-IDCW,18.8951,2026-07-14
148965,INF209KB1Z48,-,Aditya Birla Sun Life Nifty 50 Equal Weight Index Fund-Regular Growth,18.2964,2026-07-14
148964,INF209KB1Z55,INF209KB1Z63,Aditya Birla Sun Life Nifty 50 Equal Weight Index Fund-Regular IDCW,18.2962,2026-07-14
152798,INF209KC1183,-,Aditya Birla Sun Life Nifty India Defence Index Fund-Direct Growth,13.343,2026-07-14
152799,INF209KC1191,-,Aditya Birla Sun Life Nifty India Defence Index Fund-Direct IDCW Payout,13.3435,2026-07-14
152801,INF209KC1167,-,Aditya Birla Sun Life Nifty India Defence Index Fund-Regular IDCW Payout,13.1588,2026-07-14
152800,INF209KC1159,-,Aditya Birla Sun Life Nifty India Defence Index Fund-Regular-Growth,13.1614,2026-07-14
148809,INF209KB1W82,INF209KB1W90,Aditya Birla Sun Life Nifty Midcap 150 Index Fund - Direct - Payout of IDCW,26.057,2026-07-14
148806,INF209KB1W58,INF209KB1W66,Aditya Birla Sun Life Nifty Midcap 150 Index Fund - Regular - Payout of IDCW,25.2248,2026-07-14
148807,INF209KB1W74,-,Aditya Birla Sun Life Nifty Midcap 150 Index Fund-Direct Growth,26.0574,2026-07-14
148805,INF209KB1W41,-,Aditya Birla Sun Life Nifty Midcap 150 Index Fund-Regular Growth,25.2287,2026-07-14
149838,INF209KB10G3,-,Aditya Birla Sun Life Nifty Next 50 Index Fund-Direct Growth,17.8534,2026-07-14
149839,INF209KB11G1,-,Aditya Birla Sun Life Nifty Next 50 Index Fund-Direct IDCW,17.8425,2026-07-14
149837,INF209KB12G9,-,Aditya Birla Sun Life Nifty Next 50 Index Fund-Regular Growth,17.3752,2026-07-14
149836,INF209KB13G7,-,Aditya Birla Sun Life Nifty Next 50 Index Fund-Regular IDCW,17.3899,2026-07-14
148814,INF209KB1W25,INF209KB1W33,Aditya Birla Sun Life Nifty Smallcap 50 Index Fund-Direct - Payout of IDCW,23.3118,2026-07-14
148815,INF209KB1W17,-,Aditya Birla Sun Life Nifty Smallcap 50 Index Fund-Direct Growth,23.3159,2026-07-14
148812,INF209KB1V91,INF209KB1W09,Aditya Birla Sun Life Nifty Smallcap 50 Index Fund-Regular - Payout of IDCW,22.5847,2026-07-14
148811,INF209KB1V83,-,Aditya Birla Sun Life Nifty Smallcap 50 Index Fund-Regular Growth,22.5824,2026-07-14
120546,INF209K01YU5,-,Aditya Birla Sun Life Gold Fund - Growth - Direct Plan,42.2714,2026-07-14
120545,INF209K01YT7,-,Aditya Birla Sun Life Gold Fund-DIRECT - IDCW,42.2699,2026-07-14
116796,INF209K01PF4,-,Aditya Birla Sun Life Gold Fund-Growth,40.5423,2026-07-14
116795,INF209K01PG2,INF209K01PH0,Aditya Birla Sun Life Gold Fund-REGULAR - IDCW,40.5404,2026-07-14
150702,INF209KB14N1,-,Aditya Birla Sun Life Crisil IBX 50:50 Gilt Plus SDL Apr 2028 Index Fund-Direct Growth,13.2613,2026-07-14
150704,INF209KB15N8,-,Aditya Birla Sun Life Crisil IBX 50:50 Gilt Plus SDL APR 2028 Index Fund-Direct IDCW,13.2591,2026-07-14
150703,INF209KB12N5,-,Aditya Birla Sun Life Crisil IBX 50:50 Gilt Plus SDL Apr 2028 Index Fund-Regular Growth,13.1851,2026-07-14
150705,INF209KB13N3,-,Aditya Birla Sun Life Crisil IBX 50:50 Gilt Plus SDL Apr 2028 Index Fund-Regular IDCW,13.1863,2026-07-14
150353,INF209KB19H2,-,Aditya Birla Sun Life Crisil IBX 60:40 SDL+AAA PSU-Apr 2027 Index Fund-Direct Growth,13.0526,2026-07-14
150352,INF209KB10I9,-,Aditya Birla Sun Life Crisil IBX 60:40 SDL+AAA PSU-Apr 2027 Index Fund-Direct IDCW,13.0547,2026-07-14
150351,INF209KB17H6,-,Aditya Birla Sun Life Crisil IBX 60:40 SDL+AAA PSU-Apr 2027 Index Fund-Regular Growth,12.9589,2026-07-14
150350,INF209KB18H4,-,Aditya Birla Sun Life Crisil IBX 60:40 SDL+AAA PSU-Apr 2027 Index Fund-Regular IDCW,12.9553,2026-07-14
150780,INF209KB13O1,-,Aditya Birla Sun Life Crisil IBX Gilt-Apr 2029 Index Fund-Direct IDCW,10.7129,2026-07-14
150777,INF209KB10O7,-,Aditya Birla Sun Life Crisil IBX Gilt-Apr 2029 Index Fund-Regular Growth,13.3077,2026-07-14
150779,INF209KB11O5,-,Aditya Birla Sun Life Crisil IBX Gilt-Apr 2029 Index Fund-Regular IDCW,10.6142,2026-07-14
150778,INF209KB12O3,-,Aditya Birla Sun Life Crisil IBX Gilt-Apr-2029 Index Fund-Direct Growth,13.3889,2026-07-14
151577,INF209KB11U2,-,Aditya Birla Sun Life Crisil IBX Gilt Apr 2028 Index Fund-Direct Growth,12.6052,2026-07-14
151584,INF209KB12U0,-,Aditya Birla Sun Life Crisil IBX Gilt Apr 2028 Index Fund-Direct IDCW,12.6087,2026-07-14
151583,INF209KB19T7,-,Aditya Birla Sun Life Crisil IBX Gilt Apr 2028 Index Fund-Regular Growth,12.4978,2026-07-14
151582,INF209KB10U4,-,Aditya Birla Sun Life Crisil IBX Gilt Apr 2028 Index Fund-Regular IDCW,12.4972,2026-07-14
152267,INF209KB19Y7,-,Aditya Birla Sun Life Crisil IBX Gilt Apr 2033 Index Fund-Direct Growth,12.2126,2026-07-14
152270,INF209KB10Z3,-,Aditya Birla Sun Life Crisil IBX Gilt Apr 2033 Index Fund-Direct IDCW Payout,12.2122,2026-07-14
152268,INF209KB17Y1,-,Aditya Birla Sun Life Crisil IBX Gilt Apr 2033 Index Fund-Regular Growth,12.1381,2026-07-14
152269,INF209KB18Y9,-,Aditya Birla Sun Life Crisil IBX Gilt Apr 2033 Index Fund-Regular IDCW payout,12.1383,2026-07-14
152659,INF209KC1076,-,Aditya Birla Sun Life Crisil IBX Gilt June 2027 Index Fund-Direct Growth,11.6035,2026-07-14
152662,INF209KC1084,-,Aditya Birla Sun Life Crisil Ibx Gilt June 2027 Index Fund-Direct IDCW Payout,11.6041,2026-07-14
152660,INF209KC1050,-,Aditya Birla Sun Life Crisil IBX Gilt June 2027 Index Fund-Regular Growth,11.5401,2026-07-14
152661,INF209KC1068,-,Aditya Birla Sun Life Crisil IBX Gilt June 2027 Index Fund-Regular IDCW Payout,11.5401,2026-07-14
151427,INF209KB14S0,-,Aditya Birla Sun Life CRISIL IBX SDL Jun 2032 INDEX FUND - Direct Growth,13.0124,2026-07-14
151425,INF209KB15S7,-,Aditya Birla Sun Life CRISIL IBX SDL Jun 2032 INDEX FUND - Direct IDCW Payout,13.0146,2026-07-14
151428,INF209KB12S4,-,Aditya Birla Sun Life CRISIL IBX SDL Jun 2032 INDEX FUND - Regular Growth,12.8544,2026-07-14
151426,INF209KB13S2,-,Aditya Birla Sun Life CRISIL IBX SDL Jun 2032 INDEX FUND - Regular IDCW Payout,12.8546,2026-07-14
153030,INF209KC1290,-,Aditya Birla Sun Life Crisil-IBX AAA Financial Services Index-Sep 2027 Fund-Direct Growth,11.2978,2026-07-14
153031,INF209KC1308,-,Aditya Birla Sun Life Crisil-IBX AAA Financial Services Index-Sep 2027 Fund-Direct IDCW Payout,11.2979,2026-07-14
153033,INF209KC1316,-,Aditya Birla Sun Life Crisil-IBX AAA Financial Services Index-Sep 2027 Fund-Regular Growth,11.259,2026-07-14
153032,INF209KC1324,-,Aditya Birla Sun Life Crisil-IBX AAA Financial Services Index-Sep 2027 Fund-Regular IDCW Payout,11.259,2026-07-14
152947,INF209KC1217,-,Aditya Birla Sun Life Crisil-IBX AAA NBFC-HFC Index-Sep 2026 Fund-Direct Growth,11.4053,2026-07-14
152948,INF209KC1225,-,Aditya Birla Sun Life Crisil-IBX AAA NBFC-HFC INDEX-Sep 2026 Fund-Direct IDCW Payout,11.4053,2026-07-14
152945,INF209KC1233,-,Aditya Birla Sun Life Crisil-IBX AAA NBFC-HFC Index-Sep 2026 Fund-Regular Growth,11.3487,2026-07-14
152946,INF209KC1241,-,Aditya Birla Sun Life Crisil-IBX AAA NBFC-HFC Index-Sep 2026 Fund-Regular IDCW Payout,11.3488,2026-07-14
153178,INF209KC1480,-,Aditya Birla Sun Life Crisil-IBX Financial Services 3 to 6 Months  Debt Index Fund-Regular IDCW Payout,11.1258,2026-07-14
153179,INF209KC1456,-,Aditya Birla Sun Life Crisil-IBX financial Services 3 to 6 months Debt Index Fund-Direct Growth,11.1639,2026-07-14
153176,INF209KC1464,-,Aditya Birla Sun Life Crisil-IBX Financial Services 3 to 6 months Debt Index Fund-Direct IDCW Payout,11.164,2026-07-14
153177,INF209KC1472,-,Aditya Birla Sun Life Crisil-IBX Financial Services 3 to 6 Months Debt Index Fund-Regular Growth,11.1258,2026-07-14
153443,INF209KC1498,-,Aditya Birla Sun Life Crisil-IBX Financial Services 9-12 Months Debt Index Fund-Direct Growth,10.9313,2026-07-14
153444,INF209KC1506,-,Aditya Birla Sun Life Crisil-IBX Financial Services 9-12 Months Debt Index Fund-Direct IDCW Payout,10.9321,2026-07-14
153445,INF209KC1514,-,Aditya Birla Sun Life Crisil-IBX Financial Services 9-12 Months Debt Index Fund-Regular Growth,10.9029,2026-07-14
119648,INF209K01VY3,-,Aditya Birla Sun Life Nifty 50 Index Fund - Growth - Direct Plan,250.8141,2026-07-14
101314,INF209K01LB2,-,Aditya Birla Sun Life Nifty 50 Index Fund - Growth - Regular Plan,244.7038,2026-07-14
119649,INF209K01VX5,-,Aditya Birla Sun Life Nifty 50 Index Fund -DIRECT - IDCW,25.4082,2026-07-14
101313,INF209K01LA4,INF209K01LC0,Aditya Birla Sun Life Nifty 50 Index Fund -REGULAR - IDCW,24.5031,2026-07-14
149794,INF209KB11F3,-,Aditya Birla Sun Life Nifty SDL Apr 2027 Index Fund-Direct Growth,13.2254,2026-07-14
149793,INF209KB12F1,-,Aditya Birla Sun Life Nifty SDL Apr 2027 Index Fund-Direct IDCW Payout,13.2252,2026-07-14
149792,INF209KB19E9,-,Aditya Birla Sun Life Nifty SDL Apr 2027 Index Fund-Regular Growth,13.0483,2026-07-14
149791,INF209KB10F5,-,Aditya Birla Sun Life Nifty SDL Apr 2027 Index Fund-Regular-IDCW Payout,13.0483,2026-07-14
149199,INF209KB18B7,-,Aditya Birla Sun Life Nifty SDL Plus PSU Bond SEP 2026 60:40 Index Fund-Direct Growth,13.2076,2026-07-14
149200,INF209KB19B5,-,Aditya Birla Sun Life Nifty SDL Plus PSU Bond SEP 2026 60:40 Index Fund-Direct IDCW,13.2078,2026-07-14
149198,INF209KB16B1,-,Aditya Birla Sun Life Nifty SDL Plus PSU Bond SEP 2026 60:40 Index Fund-Regular Growth,13.1099,2026-07-14
149201,INF209KB17B9,-,Aditya Birla Sun Life Nifty SDL Plus PSU Bond SEP 2026 60:40 Index Fund-Regular IDCW,13.1108,2026-07-14
151562,INF209KB16T3,-,Aditya Birla Sun Life Nifty SDL SEP 2027 Index Fund-Direct Growth,12.8641,2026-07-14
151563,INF209KB17T1,-,Aditya Birla Sun Life Nifty SDL SEP 2027 Index Fund-Direct IDCW,12.8628,2026-07-14
151560,INF209KB14T8,-,Aditya Birla Sun Life Nifty SDL SEP 2027 Index Fund-Regular Growth,12.7674,2026-07-14
151561,INF209KB15T5,-,Aditya Birla Sun Life Nifty SDL SEP 2027 Index Fund-Regular IDCW,12.7673,2026-07-14
153497,INF754K01UX2,-,Edelweiss BSE Internet Economy Index Fund - Direct Plan - Growth,11.0412,2026-07-14
153494,INF754K01UY0,INF754K01UZ7,Edelweiss BSE Internet Economy Index Fund - Direct Plan - IDCW,11.0412,2026-07-14
153495,INF754K01VB6,-,Edelweiss BSE Internet Economy Index Fund - Regular Plan - Growth,10.9556,2026-07-14
153496,INF754K01VC4,INF754K01VD2,Edelweiss BSE Internet Economy Index Fund - Regular Plan - IDCW,10.9556,2026-07-14
150671,INF754K01PF9,-,Edelweiss CRISIL IBX 50:50 Gilt Plus SDL April 2037 Index Fund - Direct Plan - Growth,13.4823,2026-07-14
150722,INF754K01PG7,INF754K01PH5,Edelweiss CRISIL IBX 50:50 Gilt Plus SDL April 2037 Index Fund - Direct Plan - IDCW Option,13.4821,2026-07-14
150720,INF754K01PB8,-,Edelweiss CRISIL IBX 50:50 Gilt Plus SDL April 2037 Index Fund - Regular Plan - Growth,13.3412,2026-07-14
150721,INF754K01PC6,INF754K01PD4,Edelweiss CRISIL IBX 50:50 Gilt Plus SDL April 2037 Index Fund - Regular Plan - IDCW Option,13.3414,2026-07-14
150727,INF754K01PN3,-,Edelweiss CRISIL IBX 50:50 Gilt Plus SDL June 2027 Index Fund - Direct Plan - Growth,13.1451,2026-07-14
150770,INF754K01PO1,INF754K01PP8,Edelweiss CRISIL IBX 50:50 Gilt Plus SDL June 2027 Index Fund - Direct Plan - IDCW,13.1447,2026-07-14
150771,INF754K01PJ1,-,Edelweiss CRISIL IBX 50:50 Gilt Plus SDL June 2027 Index Fund - Regular Plan - Growth,13.0253,2026-07-14
150772,INF754K01PK9,INF754K01PL7,Edelweiss CRISIL IBX 50:50 Gilt Plus SDL June 2027 Index Fund - Regular Plan - IDCW,13.0256,2026-07-14
150807,INF754K01PV6,-,Edelweiss CRISIL IBX 50:50 Gilt Plus SDL Sep 2028 Index Fund - Direct Plan - Growth,13.1973,2026-07-14
150850,INF754K01PW4,INF754K01PX2,Edelweiss CRISIL IBX 50:50 Gilt Plus SDL Sep 2028 Index Fund - Direct Plan - IDCW,13.1975,2026-07-14
150848,INF754K01PR4,-,Edelweiss CRISIL IBX 50:50 Gilt Plus SDL Sep 2028 Index Fund - Regular Plan - Growth,13.0717,2026-07-14
150849,INF754K01PS2,INF754K01PT0,Edelweiss CRISIL IBX 50:50 Gilt Plus SDL Sep 2028 Index Fund - Regular Plan - IDCW,13.0717,2026-07-14
151365,INF754K01RK5,-,Edelweiss CRISIL IBX 50:50 Gilt Plus SDL Short Duration Index fund - Direct Plan - Growth,12.8326,2026-07-14
151397,INF754K01RL3,INF754K01RM1,Edelweiss CRISIL IBX 50:50 Gilt Plus SDL Short Duration Index fund - Direct Plan - IDCW,12.8331,2026-07-14
151398,INF754K01RG3,-,Edelweiss CRISIL IBX 50:50 Gilt Plus SDL Short Duration Index fund - Regular Plan - Growth,12.6486,2026-07-14
151399,INF754K01RH1,INF754K01RI9,Edelweiss CRISIL IBX 50:50 Gilt Plus SDL Short Duration Index fund - Regular Plan - IDCW,12.6494,2026-07-14
153335,INF754K01UG7,-,Edelweiss CRISIL IBX AAA Bond NBFC HFC Jun 2027 Index Fund - Direct Plan - Growth Option,11.0984,2026-07-14
153333,INF754K01UH5,INF754K01UI3,Edelweiss CRISIL IBX AAA Bond NBFC HFC Jun 2027 Index Fund - Direct Plan - IDCW Option,11.0984,2026-07-14
153334,INF754K01UK9,-,Edelweiss CRISIL IBX AAA Bond NBFC HFC Jun 2027 Index Fund - Regular Plan - Growth Option,11.0678,2026-07-14
153336,INF754K01UL7,INF754K01UM5,Edelweiss CRISIL IBX AAA Bond NBFC HFC Jun 2027 Index Fund - Regular Plan - IDCW Option,11.0678,2026-07-14
153115,INF754K01TP0,-,Edelweiss CRISIL IBX AAA Financial Services - Jan 2028 Index Fund - Direct - Growth,11.27,2026-07-14
153128,INF754K01TQ8,INF754K01TR6,Edelweiss CRISIL IBX AAA Financial Services - Jan 2028 Index Fund - Direct - IDCW - Payout,11.27,2026-07-14
153130,INF754K01TT2,-,Edelweiss CRISIL IBX AAA Financial Services - Jan 2028 Index Fund - Regular - Growth,11.231,2026-07-14
153129,INF754K01TU0,INF754K01TV8,Edelweiss CRISIL IBX AAA Financial Services - Jan 2028 Index Fund - Regular - IDCW - Payout,11.231,2026-07-14
149254,INF754K01NJ6,-,Edelweiss Nifty 100 Quality 30 Index Fund Direct Plan Growth,14.3557,2026-07-14
149255,INF754K01NK4,INF754K01NL2,Edelweiss Nifty 100 Quality 30 Index Fund Direct Plan IDCW,14.1549,2026-07-14
149256,INF754K01NF4,-,Edelweiss Nifty 100 Quality 30 Index Fund Regular Plan Growth,13.9291,2026-07-14
149257,INF754K01NG2,INF754K01NH0,Edelweiss Nifty 100 Quality 30 Index Fund Regular Plan IDCW,13.9281,2026-07-14
149250,INF754K01NB3,-,Edelweiss Nifty 50 Index Fund Direct Plan Growth,14.2384,2026-07-14
149251,INF754K01NC1,INF754K01ND9,Edelweiss Nifty 50 Index Fund Direct Plan IDCW,14.0414,2026-07-14
149252,INF754K01MX9,-,Edelweiss Nifty 50 Index Fund Regular Plan Growth,13.7429,2026-07-14
149253,INF754K01MY7,INF754K01MZ4,Edelweiss Nifty 50 Index Fund Regular Plan IDCW,13.7427,2026-07-14
152616,INF754K01SS6,-,Edelweiss Nifty Alpha Low Volatility 30 Index Fund - Direct Plan - Growth,10.0349,2026-07-14
152619,INF754K01ST4,INF754K01SU2,Edelweiss Nifty Alpha Low Volatility 30 Index Fund - Direct Plan - IDCW Payout,10.0349,2026-07-14
152617,INF754K01SO5,-,Edelweiss Nifty Alpha Low Volatility 30 Index Fund - Regular Plan - Growth,9.8777,2026-07-14
152618,INF754K01SP2,INF754K01SQ0,Edelweiss Nifty Alpha Low Volatility 30 Index Fund - Regular Plan - IDCW Payout,9.8777,2026-07-14
149343,INF754K01NR9,-,Edelweiss NIFTY Large Midcap 250 Index Fund - Direct Plan Growth,17.362,2026-07-14
149339,INF754K01NS7,INF754K01NT5,Edelweiss NIFTY Large Midcap 250 Index Fund - Direct Plan Payout,17.3621,2026-07-14
149341,INF754K01NN8,-,Edelweiss NIFTY Large Midcap 250 Index Fund - Regular Plan Growth,16.8423,2026-07-14
149342,INF754K01NO6,INF754K01NP3,Edelweiss NIFTY Large Midcap 250 Index Fund - Regular Plan Payout,16.8415,2026-07-14
154310,INF754K01WR0,-,Edelweiss Nifty LargeMidcap 250 Plus 8-13 yr G-Sec 70-30 Index Fund Direct Plan Growth,10.8146,2026-07-14
154312,INF754K01WV2,-,Edelweiss Nifty LargeMidcap 250 Plus 8-13 yr G-Sec 70-30 Index Fund Regular Plan Growth,10.7949,2026-07-14
154314,INF754K01WZ3,INF754K01XA4,Edelweiss Nifty LargeMidcap250 Plus 8-13 yr G-Sec 70-30 Index Fund - Direct Plan - Quarterly IDCW,10.8147,2026-07-14
154315,INF754K01XC0,INF754K01XD8,Edelweiss Nifty LargeMidcap250 Plus 8-13 yr G-Sec 70-30 Index Fund - Regular Plan - Quarterly IDCW,10.7949,2026-07-14
154311,INF754K01WS8,INF754K01WT6,Edelweiss Nifty LargeMidcap250 Plus 8-13 yr G-Sec 70-30 Index Fund Direct Plan Monthly IDCW,10.8146,2026-07-14
154313,INF754K01WW0,INF754K01WX8,Edelweiss Nifty LargeMidcap250 Plus 8-13 yr G-Sec 70-30 Index Fund Regular Plan Monthly IDCW,10.7949,2026-07-14
150902,INF754K01QD2,-,Edelweiss Nifty Midcap150 Momentum 50 Index Fund - Direct Plan - Growth,18.5313,2026-07-14
150903,INF754K01QE0,INF754K01QF7,Edelweiss Nifty Midcap150 Momentum 50 Index Fund - Direct Plan - IDCW,18.5343,2026-07-14
150900,INF754K01PZ7,-,Edelweiss Nifty Midcap150 Momentum 50 Index Fund - Regular Plan - Growth,18.067,2026-07-14
150901,INF754K01QA8,INF754K01QB6,Edelweiss Nifty Midcap150 Momentum 50 Index Fund - Regular Plan - IDCW,18.067,2026-07-14
150899,INF754K01QL5,-,Edelweiss Nifty Next 50 Index Fund - Direct Plan - Growth,16.7434,2026-07-14
150896,INF754K01QM3,INF754K01QN1,Edelweiss Nifty Next 50 Index Fund - Direct Plan - IDCW,16.7431,2026-07-14
150897,INF754K01QH3,-,Edelweiss Nifty Next 50 Index Fund - Regular Plan - Growth,16.3168,2026-07-14
150898,INF754K01QI1,INF754K01QJ9,Edelweiss Nifty Next 50 Index Fund - Regular Plan - IDCW,16.3167,2026-07-14
149246,INF754K01MU5,INF754K01MV3,Edelweiss NIFTY PSU Bond Plus SDL Apr 2027 50:50 Index Fund - Direct Plan - IDCW,13.2846,2026-07-14
149247,INF754K01MT7,-,Edelweiss NIFTY PSU Bond Plus SDL Apr 2027 50:50 Index Fund - Direct Plan Growth,13.2864,2026-07-14
149249,INF754K01MP5,-,Edelweiss NIFTY PSU Bond Plus SDL Apr 2027 50:50 Index Fund - Regular Plan - Growth,13.1653,2026-07-14
149248,INF754K01MQ3,INF754K01MR1,Edelweiss NIFTY PSU Bond Plus SDL Apr 2027 50:50 Index Fund - Regular Plan - IDCW,13.1659,2026-07-14
150892,INF754K01QT8,-,Edelweiss Nifty Smallcap 250 Index Fund - Direct Plan - Growth,18.7136,2026-07-14
150895,INF754K01QU6,INF754K01QV4,Edelweiss Nifty Smallcap 250 Index Fund - Direct Plan - IDCW,18.7142,2026-07-14
150894,INF754K01QP6,-,Edelweiss Nifty Smallcap 250 Index Fund - Regular Plan - Growth,18.2593,2026-07-14
150893,INF754K01QQ4,INF754K01QR2,Edelweiss Nifty Smallcap 250 Index Fund - Regular Plan - IDCW,18.2592,2026-07-14
152985,INF754K01TN5,-,Edelweiss Nifty500 Multicap Momentum Quality 50 Index Fund - Direct - Growth,9.0316,2026-07-14
152982,INF754K01TG9,INF754K01TH7,Edelweiss Nifty500 Multicap Momentum Quality 50 Index Fund - Direct - IDCW - Payout,9.0316,2026-07-14
152988,INF754K01TJ3,-,Edelweiss Nifty500 Multicap Momentum Quality 50 Index Fund - Regular - Growth,8.9283,2026-07-14
152983,INF754K01TK1,INF754K01TL9,Edelweiss Nifty500 Multicap Momentum Quality 50 Index Fund - Regular - IDCW - Payout,8.9283,2026-07-14
152802,INF209KC1142,-,Aditya Birla Sun Life Crisil 10 Year Gilt ETF,112.3794,2026-07-14
152732,INF209KC1134,-,ADITYA BIRLA SUN LIFE CRISIL BROAD BASED GILT ETF,114.0711,2026-07-14
150498,INF209KB14K7,-,Aditya Birla Sun Life Nifty 200 Momentum 30 ETF,31.031,2026-07-14
147849,INF754K01KO2,-,Bharat Bond ETF - April 2030,1604.3821,2026-07-14
149398,INF754K01OB1,-,BHARAT Bond ETF - April 2032,1347.9158,2026-07-14
150987,INF754K01QX0,-,BHARAT Bond ETF - April 2033,1308.755,2026-07-14
148445,INF754K01LE1,-,BHARAT Bond ETF- April 2031,1434.7718,2026-07-14
153180,INF754K01TX4,-,Edelweiss BSE Capital Markets & Insurance  ETF - Growth,24.4328,2026-07-14
153947,INF754K01VY8,-,Edelweiss BSE Sensex ETF - Growth,77.465,2026-07-14
153920,INF754K01VW2,-,Edelweiss Nifty 1D Rate Liquid ETF - Growth,1039.2278,2026-07-14
153966,INF754K01VX0,-,Edelweiss Nifty 50 ETF - Growth,24.2006,2026-07-14
152857,INF754K01TE4,-,Edelweiss Nifty Bank ETF - Growth,57.9372,2026-07-14
153841,INF754K01VV4,-,Edelweiss Nifty LargeMidcap 250 ETF - Growth,16.5644,2026-07-14
154347,INF754K01XF3,-,Edelweiss Nifty Next 50 ETF,71.4409,2026-07-14
152981,INF754K01TF1,-,Edelweiss Nifty500 Multicap Momentum Quality 50 ETF - Growth,41.2443,2026-07-14
146407,INF209KB1E84,-,ADITYA BIRLA SUN LIFE BAL BHAVISHYA YOJNA DIRECT GROWTH,23.28,2026-07-14
146409,INF209KB1E76,-,ADITYA BIRLA SUN LIFE BAL BHAVISHYA YOJNA REGULAR GROWTH,20.65,2026-07-14
146408,INF209KB1F18,INF209KB1F26,ADITYA BIRLA SUN LIFE BAL BHAVISHYA YOJNA- Direct - IDCW,18.99,2026-07-14
146405,INF209KB1E92,INF209KB1F00,ADITYA BIRLA SUN LIFE BAL BHAVISHYA YOJNA- Regular - IDCW,16.85,2026-07-14
146576,INF209KB1I31,INF209KB1I49,Aditya Birla Sun Life Retirement Fund-The 30s Plan-Direct - Payout of IDCW,20.326,2026-07-14
146575,INF209KB1I23,-,Aditya Birla Sun Life Retirement Fund-The 30s Plan-Direct Growth,24.969,2026-07-14
146574,INF209KB1I07,INF209KB1I15,Aditya Birla Sun Life Retirement Fund-The 30s Plan-Regular - Payout of IDCW,18.188,2026-07-14
146577,INF209KB1H99,-,Aditya Birla Sun Life Retirement Fund-The 30s Plan-Regular Growth,22.342,2026-07-14
146927,INF209KB1I98,INF209KB1J06,Aditya Birla Sun Life Retirement Fund-The 40s Plan- Direct - Payout of IDCW,17.361,2026-07-14
146930,INF209KB1I80,-,Aditya Birla Sun Life Retirement Fund-The 40s Plan-Direct Plan-Growth,21.331,2026-07-14
146928,INF209KB1I64,-,Aditya Birla Sun Life Retirement Fund-The 40s Plan-Regular - Payout of IDCW,15.574,2026-07-14
146929,INF209KB1I56,INF209KB1I72,Aditya Birla Sun Life Retirement Fund-The 40s Plan-Regular Plan-Growth,19.135,2026-07-14
146937,INF209KB1J55,INF209KB1J63,Aditya Birla Sun Life Retirement Fund-The 50s Plan- Direct - Payout of IDCW,13.5903,2026-07-14
146939,INF209KB1J22,INF209KB1J30,Aditya Birla Sun Life Retirement Fund-The 50s Plan- Regular - Payout of IDCW,12.2883,2026-07-14
146940,INF209KB1J48,-,Aditya Birla Sun Life Retirement Fund-The 50s Plan-Direct Plan-Growth,16.7059,2026-07-14
146938,INF209KB1J14,-,Aditya Birla Sun Life Retirement Fund-The 50s Plan-Regular Plan-Growth,15.1051,2026-07-14
146944,INF209KB1K11,INF209KB1K29,Aditya Birla Sun Life Retirement Fund-The 50s Plus-Debt Plan - Direct - Payout of IDCW,12.1253,2026-07-14
146942,INF209KB1J89,INF209KB1J97,Aditya Birla Sun Life Retirement Fund-The 50s Plus-Debt Plan - Regular - Payout of IDCW,11.058,2026-07-14
146943,INF209KB1K03,-,Aditya Birla Sun Life Retirement Fund-The 50s Plus-Debt Plan-Direct Plan-Growth,14.9088,2026-07-14
146941,INF209KB1J71,-,Aditya Birla Sun Life Retirement Fund-The 50s Plus-Debt Plan-Regular Plan-Growth,13.5948,2026-07-14
149062,INF209KB16A3,-,Aditya Birla Sun Life Fixed Term Plan - Series TJ (1838 days) - Direct Plan - Growth Option,13.6106,2026-07-14
149063,INF209KB17A1,-,Aditya Birla Sun Life Fixed Term Plan - Series TJ (1838 days) - Direct Plan - Payout of IDCW Option,13.6125,2026-07-14
149064,INF209KB14A8,-,Aditya Birla Sun Life Fixed Term Plan - Series TJ (1838 days) - Regular Plan - Growth Option,13.5479,2026-07-14
149065,INF209KB15A5,-,Aditya Birla Sun Life Fixed Term Plan - Series TJ (1838 days) - Regular Plan - Payout of IDCW Option,13.548,2026-07-14
150316,INF209KB14H3,-,Aditya Birla Sun Life Fixed Term Plan - Series TQ (1879 days) - Direct Plan - Growth Option,13.1918,2026-07-14
150314,INF209KB12H7,-,Aditya Birla Sun Life Fixed Term Plan - Series TQ (1879 days) - Regular Plan - Growth Option,13.1468,2026-07-14
150315,INF209KB13H5,-,Aditya Birla Sun Life Fixed Term Plan - Series TQ (1879 days) - Regular Plan - Payout of IDCW option,13.1468,2026-07-14
