run_time,schemes_total,schemes_updated,schemes_unchanged,new_schemes,status
2026-06-09 21:01:28,14215,0,14215,0,ok
2026-06-10 18:32:26,14208,0,14208,0,ok
2026-06-11 18:48:37,14208,0,14208,0,ok
2026-06-12 18:09:32,14212,0,14212,0,ok
2026-06-15 19:50:10,14212,0,14212,0,ok
2026-06-16 19:39:35,14214,0,14214,0,ok
2026-06-17 18:22:20,14215,0,14215,0,ok
2026-06-18 18:27:24,14215,0,14215,0,ok
2026-06-19 18:01:17,14219,0,14219,0,ok
2026-06-22 19:32:23,14224,0,14224,0,ok
2026-06-23 17:58:59,14224,0,14224,0,ok
2026-06-24 17:57:00,14224,0,14224,0,ok
2026-06-25 18:12:07,14224,0,14224,0,ok
2026-06-26 17:50:30,14208,0,14208,0,ok
2026-06-29 18:09:49,14208,0,14208,0,ok
2026-06-30 17:57:52,14208,0,14208,0,ok
2026-07-01 17:59:04,1199,0,1199,0,ok
2026-07-02 17:50:53,14208,0,14208,0,ok
2026-07-03 17:28:01,14209,0,14209,0,ok
2026-07-06 18:12:42,14213,0,14213,0,ok
2026-07-07 18:01:57,14216,0,14216,0,ok
2026-07-08 17:39:24,14216,0,14216,0,ok
2026-07-09 17:58:17,14216,0,14216,0,ok
2026-07-10 17:48:56,14216,0,14216,0,ok
2026-07-13 17:56:40,14218,0,14218,0,ok
2026-07-14 17:16:42,14218,563,13655,0,ok
2026-07-15 17:19:54,14224,0,14224,0,ok
2026-07-16 17:19:20,14224,0,14224,0,ok
2026-07-17 17:14:44,14227,0,14227,0,ok
2026-07-20 18:06:28,14241,0,14241,0,ok
2026-07-21 17:23:09,14246,0,14246,0,ok
2026-07-22 17:22:24,14246,0,14246,0,ok
2026-07-23 17:24:52,14199,351,13848,0,ok
2026-07-24 17:39:31,14202,0,14202,0,ok
2026-07-27 17:44:18,14207,0,14207,0,ok
2026-07-28 17:37:21,14210,0,14210,0,ok
2026-07-29 17:17:14,14217,0,14217,0,ok
2026-07-30 17:36:36,14221,0,14221,0,ok
2026-07-31 17:40:24,14222,0,14222,0,ok
2026-08-03 17:52:59,14234,0,14234,0,ok
2026-08-04 17:50:20,14237,0,14237,0,ok
2026-08-05 17:40:28,14241,0,14241,0,ok
2026-08-07 16:55:52,14252,0,14252,0,ok
2026-08-10 16:55:14,14252,0,14252,0,ok
2026-08-11 16:58:40,14260,0,14260,0,ok
2026-08-12 16:57:59,14264,0,14264,0,ok
2026-08-13 16:57:38,14269,0,14269,0,ok
2026-08-14 16:55:23,14273,0,14273,0,ok
2026-08-17 16:29:32,14273,0,14273,0,ok
2026-08-18 16:33:33,14277,0,14277,0,ok
2026-08-19 16:33:41,0,0,0,0,ok
2026-08-20 16:36:55,0,0,0,0,ok
2026-08-21 16:36:30,0,0,0,0,ok
2026-08-24 16:39:55,0,0,0,0,ok
